/*
SQLyog Ultimate v12.09 (64 bit)
MySQL - 5.7.17 : Database - cd
*********************************************************************
*/


/*!40101 SET NAMES utf8 */;

/*!40101 SET SQL_MODE=''*/;

/*!40014 SET @OLD_UNIQUE_CHECKS=@@UNIQUE_CHECKS, UNIQUE_CHECKS=0 */;
/*!40014 SET @OLD_FOREIGN_KEY_CHECKS=@@FOREIGN_KEY_CHECKS, FOREIGN_KEY_CHECKS=0 */;
/*!40101 SET @OLD_SQL_MODE=@@SQL_MODE, SQL_MODE='NO_AUTO_VALUE_ON_ZERO' */;
/*!40111 SET @OLD_SQL_NOTES=@@SQL_NOTES, SQL_NOTES=0 */;
CREATE DATABASE /*!32312 IF NOT EXISTS*/`cd` /*!40100 DEFAULT CHARACTER SET utf8 */;

USE `cd`;

/*Table structure for table `t_admin` */

DROP TABLE IF EXISTS `t_admin`;

CREATE TABLE `t_admin` (
  `adminId` CHAR(32) NOT NULL,
  `adminname` VARCHAR(50) DEFAULT NULL,
  `adminpwd` VARCHAR(50) DEFAULT NULL,
  PRIMARY KEY (`adminId`)
) ENGINE=INNODB DEFAULT CHARSET=utf8;

/*Data for the table `t_admin` */

INSERT  INTO `t_admin`(`adminId`,`adminname`,`adminpwd`) VALUES ('1','zyr','123456');

/*Table structure for table `t_cartitem` */

DROP TABLE IF EXISTS `t_cartitem`;

CREATE TABLE `t_cartitem` (
  `cartItemId` CHAR(32) NOT NULL,
  `quantity` INT(11) DEFAULT NULL,
  `bid` CHAR(32) DEFAULT NULL,
  `uid` CHAR(32) DEFAULT NULL,
  `orderBy` INT(11) NOT NULL AUTO_INCREMENT,
  PRIMARY KEY (`cartItemId`),
  KEY `orderBy` (`orderBy`),
  KEY `FK_t_cartitem_t_user` (`uid`),
  KEY `FK_t_cartitem_t_cd` (`bid`),
  CONSTRAINT `FK_t_cartitem_t_cd` FOREIGN KEY (`bid`) REFERENCES `t_cd` (`bid`),
  CONSTRAINT `FK_t_cartitem_t_user` FOREIGN KEY (`uid`) REFERENCES `t_user` (`uid`)
) ENGINE=INNODB AUTO_INCREMENT=29 DEFAULT CHARSET=utf8;

/*Data for the table `t_cartitem` */

INSERT  INTO `t_cartitem`(`cartItemId`,`quantity`,`bid`,`uid`,`orderBy`) VALUES ('429F2AFF18AF48EFBEC1B8F847F3E0C4',1,'8A4985F6D6A241D1A6393A7253FF2318','2729A37D5BAB4974BDC54FA4A2EC8334',26),('A1D05552EC2347078A3F3E65957DAA21',1,'1A872086B4BC45E7B9E541497E921CF9','2729A37D5BAB4974BDC54FA4A2EC8334',27),('DF7ED95F26A54D3D8886122C2F58AF20',4,'F7D6FA1399D747FBA68F415238A99AFC','2729A37D5BAB4974BDC54FA4A2EC8334',28);

/*Table structure for table `t_category` */

DROP TABLE IF EXISTS `t_category`;

CREATE TABLE `t_category` (
  `cid` CHAR(32) NOT NULL,
  `cname` VARCHAR(50) DEFAULT NULL,
  `pid` CHAR(32) DEFAULT NULL,
  `desc` VARCHAR(100) DEFAULT NULL,
  `orderBy` INT(11) NOT NULL AUTO_INCREMENT,
  PRIMARY KEY (`cid`),
  UNIQUE KEY `cname` (`cname`),
  KEY `FK_t_category_t_category` (`pid`),
  KEY `orderBy` (`orderBy`),
  CONSTRAINT `FK_t_category_t_category` FOREIGN KEY (`pid`) REFERENCES `t_category` (`cid`)
) ENGINE=INNODB AUTO_INCREMENT=63 DEFAULT CHARSET=utf8;

/*Data for the table `t_category` */

INSERT  INTO `t_category`(`cid`,`cname`,`pid`,`desc`,`orderBy`) VALUES ('282EFD3589C246C0A0F76E18CFD757C1','华语唱片',NULL,'华语唱片分类',48),('295427DE232E475583DD3263B8CDBA8A','女歌手唱片',NULL,'女歌手唱片',57),('4E282D805FC542CD95FFDE2EC48BCC00','华语男歌手唱片','A2085CA9C0EE4D11938225702E6C011F','华语男歌手唱片',56),('6412E298E1D948CE92A7D710C76300DB','华语经典唱片','282EFD3589C246C0A0F76E18CFD757C1','华语经典唱片',49),('644B60A613A4414C88083A89AE67E79E','欧美流行唱片','CCAFD6491B1A4CF393FD3088DA16A5DA','欧美流行唱片',53),('895A9100472E4432A56D32E7F57E18E5','流行唱片',NULL,'流行唱片',61),('9A8DB2C329B04D45865ABAD5552A11F4','欧美男歌手唱片','A2085CA9C0EE4D11938225702E6C011F','欧美男歌手唱片',55),('9F92D3FCF0DD4D9F93C3D7F230A9DBA7','欧美经典唱片','CCAFD6491B1A4CF393FD3088DA16A5DA','欧美经典唱片',52),('A2085CA9C0EE4D11938225702E6C011F','男歌手唱片',NULL,'男歌手唱片',54),('A275C307DCEB4F3B9D7936CED4B51ED7','华语流行唱片','282EFD3589C246C0A0F76E18CFD757C1','华语流行唱片',50),('CCAFD6491B1A4CF393FD3088DA16A5DA','欧美唱片',NULL,'欧美唱片',51),('D18F625AA7BA40C39402F42AD766CAD5','经典唱片',NULL,'经典唱片',62),('E7D10A7792DF40A9A370D2C9D39E61C0','欧美女歌手唱片','295427DE232E475583DD3263B8CDBA8A','欧美女歌手唱片',58),('E97C81E064D746FD8862EF9E87C28912','华语女歌手唱片','295427DE232E475583DD3263B8CDBA8A','华语女歌手唱片',60);

/*Table structure for table `t_cd` */

DROP TABLE IF EXISTS `t_cd`;

CREATE TABLE `t_cd` (
  `bid` CHAR(32) NOT NULL,
  `bname` VARCHAR(200) DEFAULT NULL,
  `singer` VARCHAR(50) DEFAULT NULL,
  `price` DECIMAL(8,2) DEFAULT NULL,
  `currPrice` DECIMAL(8,2) DEFAULT NULL,
  `discount` DECIMAL(3,1) DEFAULT NULL,
  `press` VARCHAR(100) DEFAULT NULL,
  `publishtime` CHAR(10) DEFAULT NULL,
  `edition` INT(11) DEFAULT NULL,
  `sNum` INT(11) DEFAULT NULL,
  `wordNum` INT(11) DEFAULT NULL,
  `printtime` CHAR(10) DEFAULT NULL,
  `tlength` INT(11) DEFAULT NULL,
  `paper` VARCHAR(50) DEFAULT NULL,
  `cid` CHAR(32) DEFAULT NULL,
  `image_w` VARCHAR(100) DEFAULT NULL,
  `image_b` VARCHAR(100) DEFAULT NULL,
  `orderBy` INT(11) NOT NULL AUTO_INCREMENT,
  PRIMARY KEY (`bid`),
  KEY `orderBy` (`orderBy`),
  KEY `FK_t_cd_t_category` (`cid`),
  CONSTRAINT `FK_t_cd_t_category` FOREIGN KEY (`cid`) REFERENCES `t_category` (`cid`)
) ENGINE=INNODB AUTO_INCREMENT=128 DEFAULT CHARSET=utf8;

/*Data for the table `t_cd` */

INSERT  INTO `t_cd`(`bid`,`bname`,`singer`,`price`,`currPrice`,`discount`,`press`,`publishtime`,`edition`,`sNum`,`wordNum`,`printtime`,`tlength`,`paper`,`cid`,`image_w`,`image_b`,`orderBy`) VALUES ('15B440B713EA4C2EB8BCEEBC2F3CAD83',' 123','啦啦啦','59.00','40.70','6.9','英文版','2013-6-1',1,0,48700,'2013-6-1',2,'黑胶','6412E298E1D948CE92A7D710C76300DB','cd_img/zgr2w.jpg','cd_img/zgr2b.jpg',125),('1A872086B4BC45E7B9E541497E921CF9',' 1989','泰勒斯威夫特','59.00','40.70','6.9','英文版','2016-6-1',1,0,48700,'2016-6-1',2,'黑胶','9F92D3FCF0DD4D9F93C3D7F230A9DBA7','cd_img/t1w.jpg','cd_img/t1b.jpg',113),('36CF02B060254A0687F5F5880CE3184C','我们2','陈奕迅','59.00','40.70','6.9','中文版','2017-6-1',1,0,48700,'2017-6-1',2,'黑胶','A275C307DCEB4F3B9D7936CED4B51ED7','cd_img/cyx4w.jpg','cd_img/cyx4b.jpg',124),('453529F5CA0F4D02857282BE7365B288','taylor swift的唱片4','taylor swift','59.00','40.70','6.9','英文版','2013-6-1',1,0,48700,'2013-6-1',2,'黑胶','9F92D3FCF0DD4D9F93C3D7F230A9DBA7','cd_img/t4w.jpg','cd_img/t4b.jpg',116),('57819CB9EE674F3E86CCDE55751BC4DC',' 时光漫步','许巍','59.00','40.70','6.9','中文版','2015-6-1',1,0,48700,'2015-6-1',2,'黑胶','6412E298E1D948CE92A7D710C76300DB','cd_img/xw1w.jpg','cd_img/xw1b.jpg',120),('5B3F7ACFE6224098A9965A91E10F5CEA',' 挚爱','张国荣','59.00','40.70','6.9','中文版','1988-6-1',1,0,48700,'1988-06-13',2,'黑胶','6412E298E1D948CE92A7D710C76300DB','cd_img/zgr1w.jpg','cd_img/zgr1b.jpg',121),('5E5FC3BA0CC14195A9188293845979EC',' 1234','Craig Walls','59.00','40.70','6.9','英文版','2013-6-1',1,0,48700,'2013-6-1',2,'黑胶','4E282D805FC542CD95FFDE2EC48BCC00','cd_img/4CC020918B1F453591337ABDEDA23BC3_cl1w.jpg','cd_img/247116F1C4F14A31947BAE9142C52B14_cl1b.jpg',127),('78EDC6473B0C4685BB124C78CEAB3FBB',' fm','fm','59.00','40.70','6.9','中文版','2013-6-1',1,0,48700,'2013-6-1',2,'黑胶','6412E298E1D948CE92A7D710C76300DB','cd_img/fm-w.jpg','cd_img/fm-b.jpg',109),('7BFB4A975349418199D18FC295DFAD38','julian moon的唱片2','Julian moon','59.00','40.70','6.9','英文版','2013-6-1',1,0,48700,'2013-6-1',2,'黑胶','9F92D3FCF0DD4D9F93C3D7F230A9DBA7','cd_img/jmw.jpg','cd_img/jmb.jpg',111),('7D71C924BBAB4C08AC0831E1C053754B',' 111','Craig Walls','59.00','40.70','6.9','英文版','2013-6-1',1,0,48700,'2013-6-1',2,'黑胶','E97C81E064D746FD8862EF9E87C28912','cd_img/5C6CF0E1A7844232AC7BD051BDF94E4A_lyq1w.jpg','cd_img/4AC74E3FF4BF40E3A754E848E9D58EB9_lyq1b.jpg',126),('7DD75B9C590D4B739C44C2F34AADF76D',' red','taylor swift','59.00','40.70','6.9','英文版','2013-6-1',1,0,48700,'2013-6-1',2,'黑胶','9F92D3FCF0DD4D9F93C3D7F230A9DBA7','cd_img/t2w.jpg','cd_img/t2b.jpg',114),('82C1752EF4EE41668920867BFECE4F8E',' 我们','陈奕迅','59.00','40.70','6.9','中文版','2018-6-1',1,0,48700,'2018-6-1',2,'黑胶','6412E298E1D948CE92A7D710C76300DB','cd_img/cyx4w.jpg','cd_img/cyx4b.jpg',108),('84DDD41C650D4AF29E39AD7A56AE4273',' love','陈奕迅','59.00','40.70','6.9','中文版','2013-6-1',1,0,48700,'2013-6-1',2,'黑胶','6412E298E1D948CE92A7D710C76300DB','cd_img/cyx1w.jpg','cd_img/cyx1b.jpg',105),('857A49DAB8AA4A07A9E402B8B383FED5','陈粒的唱片2','陈粒','59.00','40.70','6.9','中文版','2016-6-1',1,0,48700,'2016-6-1',2,'黑胶','6412E298E1D948CE92A7D710C76300DB','cd_img/cl2w.jpg','cd_img/cl2b.jpg',104),('89DB2748A664484FAC0C70C5AD550159',' beside me','梁咏琪','59.00','40.70','6.9','中文版','2016-6-1',1,0,48700,'2016-6-1',2,'黑胶','6412E298E1D948CE92A7D710C76300DB','cd_img/lyq1w.jpg','cd_img/lyq1b.jpg',112),('8A4985F6D6A241D1A6393A7253FF2318','如也','陈粒','59.00','40.70','6.9','中文版','2017-6-1',1,0,48700,'2017-6-1',2,'黑胶','6412E298E1D948CE92A7D710C76300DB','cd_img/cl1w.jpg','cd_img/cl1b.jpg',103),('A0CBF850E12D4892970AD264B3F09919','taylor swift的唱片5','taylor swift','59.00','40.70','6.9','英文版','2013-6-1',1,0,48700,'2013-6-1',2,'黑胶','9F92D3FCF0DD4D9F93C3D7F230A9DBA7','cd_img/t5w.jpg','cd_img/t5b.jpg',117),('C33D3946A2844D4DA5B05918045545D7','陈奕迅的唱片2','陈奕迅','59.00','40.70','6.9','中文版','2012-6-1',1,0,48700,'2012-6-1',2,'黑胶','6412E298E1D948CE92A7D710C76300DB','cd_img/cyx3w.jpg','cd_img/cyx3b.jpg',107),('C5D7363AD9564D5583F5DAEA58D8606B',' 点心','谢春花','59.00','40.70','6.9','中文版','2013-6-1',1,0,48700,'2013-6-1',2,'黑胶','6412E298E1D948CE92A7D710C76300DB','cd_img/xch2w.jpg','cd_img/xch2b.jpg',122),('C7681A43AAC14A469A910258CCA69377',' 知非2','谢春花','59.00','40.70','6.9','中文版','2013-6-1',1,0,48700,'2013-6-1',2,'黑胶','A275C307DCEB4F3B9D7936CED4B51ED7','cd_img/xch1w.jpg','cd_img/xch1b.jpg',123),('D37ECC049D26488AB3C46EED4918A839',' 知非','谢春花','59.00','40.70','6.9','中文版','2018-6-1',1,0,48700,'2018-6-1',2,'黑胶','6412E298E1D948CE92A7D710C76300DB','cd_img/xch1w.jpg','cd_img/xch1b.jpg',118),('F021FBD0F37F42E39E19E0645A3C0593','julian moon的唱片1','Julian moon','59.00','40.70','6.9','英文版','2013-6-1',1,0,48700,'2013-6-1',2,'黑胶','9F92D3FCF0DD4D9F93C3D7F230A9DBA7','cd_img/jm2w.jpg','cd_img/jm2b.jpg',110),('F7D6FA1399D747FBA68F415238A99AFC',' taylor swift的唱片3 ','taylor swift','59.00','40.70','6.9','英文版','2013-6-1',1,0,48700,'2013-6-1',2,'黑胶','9F92D3FCF0DD4D9F93C3D7F230A9DBA7','cd_img/t3w.jpg','cd_img/t3b.jpg',115),('FB22D0C3AF504CA1A5E95431C373C091',' stranger under my skin','陈奕迅','59.00','40.70','6.9','中文版','2014-6-1',1,0,48700,'2014-6-1',2,'黑胶','6412E298E1D948CE92A7D710C76300DB','cd_img/cyx2w.jpg','cd_img/cyx2b.jpg',106);

/*Table structure for table `t_order` */

DROP TABLE IF EXISTS `t_order`;

CREATE TABLE `t_order` (
  `oid` CHAR(32) NOT NULL,
  `ordertime` CHAR(19) DEFAULT NULL,
  `total` DECIMAL(10,2) DEFAULT NULL,
  `status` INT(11) DEFAULT NULL,
  `address` VARCHAR(1000) DEFAULT NULL,
  `uid` CHAR(32) DEFAULT NULL,
  PRIMARY KEY (`oid`),
  KEY `FK_t_order_t_user` (`uid`),
  CONSTRAINT `FK_t_order_t_user` FOREIGN KEY (`uid`) REFERENCES `t_user` (`uid`)
) ENGINE=INNODB DEFAULT CHARSET=utf8;

/*Data for the table `t_order` */

INSERT  INTO `t_order`(`oid`,`ordertime`,`total`,`status`,`address`,`uid`) VALUES ('27B1562590D9455AABFBD85A7C5CF9F0','2020-11-1 08:38:24','40.70',4,'宁波市 浙江万里学院 赵阳锐','02956A5DEF314E2A8294CE9B4AC22074'),('463E169ED3874CCC9E2F29F6A6EF089F','2020-11-1 08:36:29','81.40',5,'宁波市 浙江万里学院 赵阳锐','02956A5DEF314E2A8294CE9B4AC22074'),('4BA7436CEABF45ADA05759718A471733','2020-11-1 20:46:28','40.70',4,'宁波市 浙江万里学院 赵阳锐','2729A37D5BAB4974BDC54FA4A2EC8334'),('62F4F597ABC14ABA88BF49852FC3D87D','2020-11-1 21:09:29','203.50',1,'宁波市 浙江万里学院 赵阳锐','2729A37D5BAB4974BDC54FA4A2EC8334'),('686B8EF193DB4DF4ABB9D3E17031417F','2020-11-1 14:41:42','203.50',4,'宁波市 浙江万里学院 赵阳锐','02956A5DEF314E2A8294CE9B4AC22074'),('7DA453A981214C7D9B04F286E149095B','2020-11-1 17:30:28','40.70',4,'宁波市 浙江万里学院 赵阳锐','02956A5DEF314E2A8294CE9B4AC22074'),('886C9D711C1E4F7F923EC062C0306C6B','2020-11-1 20:50:51','40.70',1,'宁波市 浙江万里学院 赵阳锐','2729A37D5BAB4974BDC54FA4A2EC8334'),('AE2764EFFFD44B23A72B7596622ECAF6','2020-11-1 20:39:29','122.10',4,'宁波市 浙江万里学院 赵阳锐','2729A37D5BAB4974BDC54FA4A2EC8334'),('BC5A010594254DF8B3F42F514F5120AC','2020-11-1 08:36:08','40.70',4,'宁波市 浙江万里学院 赵阳锐','02956A5DEF314E2A8294CE9B4AC22074'),('D2EC9274039E4030871E4617DF05B579','2020-11-1 17:33:21','203.50',4,'宁波市 浙江万里学院 赵阳锐','02956A5DEF314E2A8294CE9B4AC22074'),('F858BCFCA9A74EDCAB610F5C7BCC4DEE','2020-11-1 10:15:35','81.40',4,'宁波市 浙江万里学院 赵阳锐','02956A5DEF314E2A8294CE9B4AC22074'),('F8808F210EB9429990E7D25139DE68C5','2020-11-1 19:14:19','40.70',4,'宁波市 浙江万里学院 赵阳锐','2729A37D5BAB4974BDC54FA4A2EC8334');

/*Table structure for table `t_orderitem` */

DROP TABLE IF EXISTS `t_orderitem`;

CREATE TABLE `t_orderitem` (
  `orderItemId` CHAR(32) NOT NULL,
  `quantity` INT(11) DEFAULT NULL,
  `subtotal` DECIMAL(8,2) DEFAULT NULL,
  `bid` CHAR(32) DEFAULT NULL,
  `bname` VARCHAR(200) DEFAULT NULL,
  `currPrice` DECIMAL(8,2) DEFAULT NULL,
  `image_b` VARCHAR(100) DEFAULT NULL,
  `oid` CHAR(32) DEFAULT NULL,
  PRIMARY KEY (`orderItemId`),
  KEY `FK_t_orderitem_t_order` (`oid`),
  CONSTRAINT `FK_t_orderitem_t_order` FOREIGN KEY (`oid`) REFERENCES `t_order` (`oid`)
) ENGINE=INNODB DEFAULT CHARSET=utf8;

/*Data for the table `t_orderitem` */

INSERT  INTO `t_orderitem`(`orderItemId`,`quantity`,`subtotal`,`bid`,`bname`,`currPrice`,`image_b`,`oid`) VALUES ('01C927D0706948B69318C62F009C740D',1,'40.70','1A872086B4BC45E7B9E541497E921CF9',' 1989','40.70','cd_img/t1b.jpg','62F4F597ABC14ABA88BF49852FC3D87D'),('1CBE9BD6B5EC40419E1FA9ABC8A60DCF',1,'40.70','8A4985F6D6A241D1A6393A7253FF2318','如也','40.70','cd_img/cl1b.jpg','4BA7436CEABF45ADA05759718A471733'),('1F33A80EA4C44FCC9475A3FDC3DF5609',1,'40.70','F7D6FA1399D747FBA68F415238A99AFC',' taylor swift的唱片3 ','40.70','cd_img/t3b.jpg','BC5A010594254DF8B3F42F514F5120AC'),('22D08C4904A24738B146681C856DEB63',1,'40.70','453529F5CA0F4D02857282BE7365B288','taylor swift的唱片4','40.70','cd_img/t4b.jpg','F858BCFCA9A74EDCAB610F5C7BCC4DEE'),('25EC1E2979754F8BA1CCAFD94DF0BA5C',1,'40.70','8A4985F6D6A241D1A6393A7253FF2318','如也','40.70','cd_img/cl1b.jpg','463E169ED3874CCC9E2F29F6A6EF089F'),('424D17C3D8F149859F15B6A88EE50604',1,'40.70','8A4985F6D6A241D1A6393A7253FF2318','如也','40.70','cd_img/cl1b.jpg','27B1562590D9455AABFBD85A7C5CF9F0'),('5255A1703C88479C8D2CE2BDADC87907',1,'40.70','C33D3946A2844D4DA5B05918045545D7','陈奕迅的唱片2','40.70','cd_img/cyx3b.jpg','7DA453A981214C7D9B04F286E149095B'),('60FA653FD8A8467EB7F5337DA4D670AC',1,'40.70','84DDD41C650D4AF29E39AD7A56AE4273',' love','40.70','cd_img/cyx1b.jpg','686B8EF193DB4DF4ABB9D3E17031417F'),('6D12883A370E41ADB0684D4F8AC6D5AA',1,'40.70','84DDD41C650D4AF29E39AD7A56AE4273',' love','40.70','cd_img/cyx1b.jpg','62F4F597ABC14ABA88BF49852FC3D87D'),('855F99E4DC234000A11667BFF6141278',1,'40.70','8A4985F6D6A241D1A6393A7253FF2318','如也','40.70','cd_img/cl1b.jpg','F858BCFCA9A74EDCAB610F5C7BCC4DEE'),('8A45B4178BA64881B2D39CDE5088F885',3,'122.10','89DB2748A664484FAC0C70C5AD550159',' beside me','40.70','cd_img/lyq1b.jpg','D2EC9274039E4030871E4617DF05B579'),('958432030F4C4E07B8BE6C252062B3C2',4,'162.80','7DD75B9C590D4B739C44C2F34AADF76D',' red','40.70','cd_img/t2b.jpg','686B8EF193DB4DF4ABB9D3E17031417F'),('BA024E5588A445949D17DCC6A5FF2EDD',2,'81.40','857A49DAB8AA4A07A9E402B8B383FED5','陈粒的唱片2','40.70','cd_img/cl2b.jpg','AE2764EFFFD44B23A72B7596622ECAF6'),('C2EBD0BACF1342F29B2646B7861E88BC',1,'40.70','1A872086B4BC45E7B9E541497E921CF9',' 1989','40.70','cd_img/t1b.jpg','D2EC9274039E4030871E4617DF05B579'),('D8ED2BB7BB004275BAC629B98E76A602',3,'122.10','8A4985F6D6A241D1A6393A7253FF2318','如也','40.70','cd_img/cl1b.jpg','62F4F597ABC14ABA88BF49852FC3D87D'),('DF7461295B0A439F9DCA23C3B33E6A4E',1,'40.70','8A4985F6D6A241D1A6393A7253FF2318','如也','40.70','cd_img/cl1b.jpg','D2EC9274039E4030871E4617DF05B579'),('EB11A5F507174C0687C46E6406A2EB7C',1,'40.70','1A872086B4BC45E7B9E541497E921CF9',' 1989','40.70','cd_img/t1b.jpg','F8808F210EB9429990E7D25139DE68C5'),('F12084C23B7B473E9A1D0E75B637F31A',1,'40.70','C7681A43AAC14A469A910258CCA69377',' 知非2','40.70','cd_img/xch1b.jpg','886C9D711C1E4F7F923EC062C0306C6B'),('F684C9B659544E198BE62EA9C9CA897E',1,'40.70','36CF02B060254A0687F5F5880CE3184C','我们2','40.70','cd_img/cyx4b.jpg','463E169ED3874CCC9E2F29F6A6EF089F'),('F9FC0DE2337F43CE94928747AB8BFAAC',1,'40.70','84DDD41C650D4AF29E39AD7A56AE4273',' love','40.70','cd_img/cyx1b.jpg','AE2764EFFFD44B23A72B7596622ECAF6');

/*Table structure for table `t_user` */

DROP TABLE IF EXISTS `t_user`;

CREATE TABLE `t_user` (
  `uid` CHAR(32) NOT NULL,
  `loginname` VARCHAR(50) DEFAULT NULL,
  `loginpass` VARCHAR(50) DEFAULT NULL,
  `email` VARCHAR(50) DEFAULT NULL,
  PRIMARY KEY (`uid`),
  UNIQUE KEY `loginname` (`loginname`)
) ENGINE=INNODB DEFAULT CHARSET=utf8;

/*Data for the table `t_user` */

INSERT  INTO `t_user`(`uid`,`loginname`,`loginpass`,`email`) VALUES ('02956A5DEF314E2A8294CE9B4AC22074','123','123','1233@qq.com'),('2729A37D5BAB4974BDC54FA4A2EC8334','赵阳锐','123456','123@qq.com');

/*!40101 SET SQL_MODE=@OLD_SQL_MODE */;
/*!40014 SET FOREIGN_KEY_CHECKS=@OLD_FOREIGN_KEY_CHECKS */;
/*!40014 SET UNIQUE_CHECKS=@OLD_UNIQUE_CHECKS */;
/*!40111 SET SQL_NOTES=@OLD_SQL_NOTES */;
